- name: Arif Ansari
  photo: Ansari.jpg
  info: Professor of Clinical Data Sciences and Operations ([View Profile](https://www.marshall.usc.edu/personnel/arif-ansari))
  email: aansari@marshall.usc.edu
  number_educ: 1
  education1: Ph.D. University of Southern California 
  
- name: Jacob Bien
  photo: Bien.jpg
  info: Associate Professor of Data Sciences and Operations & Dean’s Associate Professor in Business Administration ([View Profile](https://www.marshall.usc.edu/personnel/jacob-bien))
  email: jbien@marshall.usc.edu
  number_educ: 1
  education1: Ph.D. Stanford University
  
- name: Paromita Dubey
  photo: Dubey.jpg
  info: Assistant Professor of Data Sciences and Operations ([View Profile](https://www.marshall.usc.edu/personnel/paromita-dubey))
  email: paromita@marshall.usc.edu
  number_educ: 1
  education1: Ph.D. University of California, Davis
  
- name: Yingying Fan
  photo: Fan.jpg
  info: Associate Dean of the Ph.D. Program, Centennial Chair in Business Administration and Professor of Data Sciences and Operations ([View Profile](https://www.marshall.usc.edu/personnel/yingying-fan))
  email: fanyingy@marshall.usc.edu
  number_educ: 1
  education1: Ph.D. Princeton University

- name: Robertas Gabrys
  photo: Gabrys.jpg
  info: Associate Professor of Clinical Data Sciences and Operations ([View Profile](https://www.marshall.usc.edu/personnel/robertas-gabrys))
  email: gabrys@marshall.usc.edu
  number_educ: 1
  education1: Ph.D. Utah State University

- name: Zijun Gao
  photo: Gao.jpg
  info: Assistant Professor of Data Sciences and Operations ([View Profile](https://www.marshall.usc.edu/people/zijun-gao))
  email: zijungao@marshall.usc.edu
  number_educ: 1
  education1: Ph.D. Stanford University
  
- name: Adel Javanmard
  photo: Javanmard.jpg
  info: Associate Professor of Data Sciences and Operations ([View Profile](https://www.marshall.usc.edu/personnel/adel-javanmard))
  email: ajavanma@marshall.usc.edu
  number_educ: 1
  education1: Ph.D. Stanford University

- name: Mladen Kolar
  photo: Kolar.jpg
  info: Visiting Professor ([View Profile](https://mkolar.coffeejunkies.org/))
  email: mkolar@marshall.usc.edu
  number_educ: 1
  education1: Ph.D. Carnegie Mellon University
  
- name: Jinchi Lv
  photo: Lv.jpg
  info: Department Chair, Kenneth King Stonier Chair in Business Administration and Professor of Data Sciences and Operations
 ([View Profile](https://www.marshall.usc.edu/personnel/jinchi-lv))
  email: jinchilv@marshall.usc.edu
  number_educ: 1
  education1: Ph.D. Princeton University

- name: Lorena Martin
  photo: Martin.jpg
  info: Assistant Professor of Clinical Data Sciences and Operations ([View Profile](https://www.marshall.usc.edu/personnel/lorena-martin))
  email: lmartin1@marshall.usc.edu
  number_educ: 1
  education1: Ph.D. University of Miami
  
- name: Inga Maslova
  photo: Maslova.jpg
  info: Associate Professor of Clinical Data Sciences and Operations ([View Profile](https://www.marshall.usc.edu/personnel/inga-maslova))
  email: imaslova@marshall.usc.edu
  number_educ: 1
  education1: Ph.D. Utah State University
  
- name: Gourab Mukherjee
  photo: Mukherjee.jpg
  info: Associate Professor of Data Sciences and Operations ([View Profile](https://www.marshall.usc.edu/personnel/gourab-mukherjee))
  email: gmukherj@marshall.usc.edu
  number_educ: 1
  education1: Ph.D. Stanford University

- name: Francis Pereira
  photo: Pereira.jpg
  info: Associate Professor of Clinical Data Sciences and Operations ([View Profile](https://www.marshall.usc.edu/personnel/francis-pereira))
  email: fpereira@marshall.usc.edu
  number_educ: 1
  education1: Ph.D. University of Southern California

- name: Austin Pollock
  photo: Pollock.jpg
  info: Assistant Professor of Clinical Data Sciences and Operations ([View Profile](https://www.marshall.usc.edu/personnel/austin-pollok))
  email: pollock@marshall.usc.edu
  number_educ: 1
  education1: Ph.D. University of Southern California
  
- name: Dawn Porter
  photo: Porter.jpg
  info: Fubon Chair in Teaching Excellence, Academic Director for the Masters of Science in Business Analytics, and Professor of Clinical Data Sciences and Operations Management ([View Profile](https://www.marshall.usc.edu/personnel/dawn-porter))
  email: dcporter@marshall.usc.edu
  number_educ: 1
  education1: Ph.D. New York University
  
- name: Matteo Sesia
  photo: Sesia.jpg
  info: Assistant Professor of Data Sciences and Operations ([View Profile](https://www.marshall.usc.edu/personnel/matteo-sesia))
  email: sesia@marshall.usc.edu
  number_educ: 1
  education1: Ph.D. Stanford University

- name: Dennis Shen
  photo: Shen.jpg
  info: Assistant Professor of Data Sciences and Operations ([View Profile](https://www.marshall.usc.edu/personnel/dennis-shen))
  email: shendenn@marshall.usc.edu
  number_educ: 1
  education1: Ph.D. Massachusetts Institute of Technology
  
- name: Xin Tong
  photo: Tong.jpg
  info: Associate Professor of Data Sciences and Operations ([View Profile](https://www.marshall.usc.edu/personnel/xin-tong))
  email: xint@marshall.usc.edu
  number_educ: 1
  education1: Ph.D. Princeton University
  
  
